Designator,CAD comment / MPN (may be placeholder),CAD description (may be placeholder),Status
U1,UCC5310MCDR,DGTL ISO 3KV 1CH GATE DRVR 8SOIC,CAD METADATA ONLY - NOT AN ASSEMBLY BOM
PS1,MER1S0515SC,Module DC-DC 5VIN 1-OUT 15V 0.067A 1W 4-Pin SIP Tube,CAD METADATA ONLY - NOT AN ASSEMBLY BOM
R21,RT0603CRD0710KL,RES SMD 10K OHM 0.25% 1/10W 0603,CAD METADATA ONLY - NOT AN ASSEMBLY BOM
C16,CC0603MRX7R8BB104,CAP CER 0.1UF 25V X7R 0603,CAD METADATA ONLY - NOT AN ASSEMBLY BOM
C14,CC0805KFX7R8BB105,CC0805 1 uF X7R 10.00% 25 V,CAD METADATA ONLY - NOT AN ASSEMBLY BOM
C13,C0805C475K3RACAUTO,CAP CER 0805 4.7UF 25V X7R  10%,CAD METADATA ONLY - NOT AN ASSEMBLY BOM
C15,CC0603MRX7R8BB104,CAP CER 0.1UF 25V X7R 0603,CAD METADATA ONLY - NOT AN ASSEMBLY BOM
C17,CC0805KFX7R8BB105,CC0805 1 uF X7R 10.00% 25 V,CAD METADATA ONLY - NOT AN ASSEMBLY BOM
C18,CC0603MRX7R8BB104,CAP CER 0.1UF 25V X7R 0603,CAD METADATA ONLY - NOT AN ASSEMBLY BOM
J10,GRPB061VWVN-RC,"Male Header, Pitch 1.27 mm, 1 x 6 Position, Height 4 mm, Tail Length 2.3 mm, -40 to 105 degC, RoHS, Bulk",CAD METADATA ONLY - NOT AN ASSEMBLY BOM
J8,TMM-102-03-F-S,CONN HEADER VERT 2POS 2MM,CAD METADATA ONLY - NOT AN ASSEMBLY BOM
J1,TMM-102-03-F-S,CONN HEADER VERT 2POS 2MM,CAD METADATA ONLY - NOT AN ASSEMBLY BOM
U2,UCC5310MCDR,DGTL ISO 3KV 1CH GATE DRVR 8SOIC,CAD METADATA ONLY - NOT AN ASSEMBLY BOM
PS2,MER1S0515SC,Module DC-DC 5VIN 1-OUT 15V 0.067A 1W 4-Pin SIP Tube,CAD METADATA ONLY - NOT AN ASSEMBLY BOM
R23,RT0603CRD0710KL,RES SMD 10K OHM 0.25% 1/10W 0603,CAD METADATA ONLY - NOT AN ASSEMBLY BOM
C22,CC0603MRX7R8BB104,CAP CER 0.1UF 25V X7R 0603,CAD METADATA ONLY - NOT AN ASSEMBLY BOM
C20,CC0805KFX7R8BB105,CC0805 1 uF X7R 10.00% 25 V,CAD METADATA ONLY - NOT AN ASSEMBLY BOM
C19,C0805C475K3RACAUTO,CAP CER 0805 4.7UF 25V X7R  10%,CAD METADATA ONLY - NOT AN ASSEMBLY BOM
C21,CC0603MRX7R8BB104,CAP CER 0.1UF 25V X7R 0603,CAD METADATA ONLY - NOT AN ASSEMBLY BOM
C23,CC0805KFX7R8BB105,CC0805 1 uF X7R 10.00% 25 V,CAD METADATA ONLY - NOT AN ASSEMBLY BOM
C24,CC0603MRX7R8BB104,CAP CER 0.1UF 25V X7R 0603,CAD METADATA ONLY - NOT AN ASSEMBLY BOM
J9,TMM-102-03-F-S,CONN HEADER VERT 2POS 2MM,CAD METADATA ONLY - NOT AN ASSEMBLY BOM
U3,UCC5310MCDR,DGTL ISO 3KV 1CH GATE DRVR 8SOIC,CAD METADATA ONLY - NOT AN ASSEMBLY BOM
PS3,MER1S0515SC,Module DC-DC 5VIN 1-OUT 15V 0.067A 1W 4-Pin SIP Tube,CAD METADATA ONLY - NOT AN ASSEMBLY BOM
R25,RT0603CRD0710KL,RES SMD 10K OHM 0.25% 1/10W 0603,CAD METADATA ONLY - NOT AN ASSEMBLY BOM
C28,CC0603MRX7R8BB104,CAP CER 0.1UF 25V X7R 0603,CAD METADATA ONLY - NOT AN ASSEMBLY BOM
C26,CC0805KFX7R8BB105,CC0805 1 uF X7R 10.00% 25 V,CAD METADATA ONLY - NOT AN ASSEMBLY BOM
C25,C0805C475K3RACAUTO,CAP CER 0805 4.7UF 25V X7R  10%,CAD METADATA ONLY - NOT AN ASSEMBLY BOM
C27,CC0603MRX7R8BB104,CAP CER 0.1UF 25V X7R 0603,CAD METADATA ONLY - NOT AN ASSEMBLY BOM
C29,CC0805KFX7R8BB105,CC0805 1 uF X7R 10.00% 25 V,CAD METADATA ONLY - NOT AN ASSEMBLY BOM
C30,CC0603MRX7R8BB104,CAP CER 0.1UF 25V X7R 0603,CAD METADATA ONLY - NOT AN ASSEMBLY BOM
J11,TMM-102-03-F-S,CONN HEADER VERT 2POS 2MM,CAD METADATA ONLY - NOT AN ASSEMBLY BOM
U4,UCC5310MCDR,DGTL ISO 3KV 1CH GATE DRVR 8SOIC,CAD METADATA ONLY - NOT AN ASSEMBLY BOM
PS4,MER1S0515SC,Module DC-DC 5VIN 1-OUT 15V 0.067A 1W 4-Pin SIP Tube,CAD METADATA ONLY - NOT AN ASSEMBLY BOM
R27,RT0603CRD0710KL,RES SMD 10K OHM 0.25% 1/10W 0603,CAD METADATA ONLY - NOT AN ASSEMBLY BOM
C34,CC0603MRX7R8BB104,CAP CER 0.1UF 25V X7R 0603,CAD METADATA ONLY - NOT AN ASSEMBLY BOM
C32,CC0805KFX7R8BB105,CC0805 1 uF X7R 10.00% 25 V,CAD METADATA ONLY - NOT AN ASSEMBLY BOM
C31,C0805C475K3RACAUTO,CAP CER 0805 4.7UF 25V X7R  10%,CAD METADATA ONLY - NOT AN ASSEMBLY BOM
C33,CC0603MRX7R8BB104,CAP CER 0.1UF 25V X7R 0603,CAD METADATA ONLY - NOT AN ASSEMBLY BOM
C35,CC0805KFX7R8BB105,CC0805 1 uF X7R 10.00% 25 V,CAD METADATA ONLY - NOT AN ASSEMBLY BOM
C36,CC0603MRX7R8BB104,CAP CER 0.1UF 25V X7R 0603,CAD METADATA ONLY - NOT AN ASSEMBLY BOM
J12,TMM-102-03-F-S,CONN HEADER VERT 2POS 2MM,CAD METADATA ONLY - NOT AN ASSEMBLY BOM
U5,UCC5310MCDR,DGTL ISO 3KV 1CH GATE DRVR 8SOIC,CAD METADATA ONLY - NOT AN ASSEMBLY BOM
PS5,MER1S0515SC,Module DC-DC 5VIN 1-OUT 15V 0.067A 1W 4-Pin SIP Tube,CAD METADATA ONLY - NOT AN ASSEMBLY BOM
R29,RT0603CRD0710KL,RES SMD 10K OHM 0.25% 1/10W 0603,CAD METADATA ONLY - NOT AN ASSEMBLY BOM
C40,CC0603MRX7R8BB104,CAP CER 0.1UF 25V X7R 0603,CAD METADATA ONLY - NOT AN ASSEMBLY BOM
C38,CC0805KFX7R8BB105,CC0805 1 uF X7R 10.00% 25 V,CAD METADATA ONLY - NOT AN ASSEMBLY BOM
C37,C0805C475K3RACAUTO,CAP CER 0805 4.7UF 25V X7R  10%,CAD METADATA ONLY - NOT AN ASSEMBLY BOM
C39,CC0603MRX7R8BB104,CAP CER 0.1UF 25V X7R 0603,CAD METADATA ONLY - NOT AN ASSEMBLY BOM
C41,CC0805KFX7R8BB105,CC0805 1 uF X7R 10.00% 25 V,CAD METADATA ONLY - NOT AN ASSEMBLY BOM
C42,CC0603MRX7R8BB104,CAP CER 0.1UF 25V X7R 0603,CAD METADATA ONLY - NOT AN ASSEMBLY BOM
J13,TMM-102-03-F-S,CONN HEADER VERT 2POS 2MM,CAD METADATA ONLY - NOT AN ASSEMBLY BOM
U6,UCC5310MCDR,DGTL ISO 3KV 1CH GATE DRVR 8SOIC,CAD METADATA ONLY - NOT AN ASSEMBLY BOM
PS6,MER1S0515SC,Module DC-DC 5VIN 1-OUT 15V 0.067A 1W 4-Pin SIP Tube,CAD METADATA ONLY - NOT AN ASSEMBLY BOM
R31,RT0603CRD0710KL,RES SMD 10K OHM 0.25% 1/10W 0603,CAD METADATA ONLY - NOT AN ASSEMBLY BOM
C46,CC0603MRX7R8BB104,CAP CER 0.1UF 25V X7R 0603,CAD METADATA ONLY - NOT AN ASSEMBLY BOM
C44,CC0805KFX7R8BB105,CC0805 1 uF X7R 10.00% 25 V,CAD METADATA ONLY - NOT AN ASSEMBLY BOM
C43,C0805C475K3RACAUTO,CAP CER 0805 4.7UF 25V X7R  10%,CAD METADATA ONLY - NOT AN ASSEMBLY BOM
C45,CC0603MRX7R8BB104,CAP CER 0.1UF 25V X7R 0603,CAD METADATA ONLY - NOT AN ASSEMBLY BOM
C47,CC0805KFX7R8BB105,CC0805 1 uF X7R 10.00% 25 V,CAD METADATA ONLY - NOT AN ASSEMBLY BOM
C48,CC0603MRX7R8BB104,CAP CER 0.1UF 25V X7R 0603,CAD METADATA ONLY - NOT AN ASSEMBLY BOM
J14,TMM-102-03-F-S,CONN HEADER VERT 2POS 2MM,CAD METADATA ONLY - NOT AN ASSEMBLY BOM
J2,TMM-102-03-F-S,CONN HEADER VERT 2POS 2MM,CAD METADATA ONLY - NOT AN ASSEMBLY BOM
R12,AC2512JK-0739KL,RES SMD 39K OHM 5% 1W 2512,CAD METADATA ONLY - NOT AN ASSEMBLY BOM
R10,AC2512JK-0739KL,RES SMD 39K OHM 5% 1W 2512,CAD METADATA ONLY - NOT AN ASSEMBLY BOM
R8,AC2512JK-0739KL,RES SMD 39K OHM 5% 1W 2512,CAD METADATA ONLY - NOT AN ASSEMBLY BOM
R6,AC2512JK-0739KL,RES SMD 39K OHM 5% 1W 2512,CAD METADATA ONLY - NOT AN ASSEMBLY BOM
R4,AC2512JK-0739KL,RES SMD 39K OHM 5% 1W 2512,CAD METADATA ONLY - NOT AN ASSEMBLY BOM
R2,AC2512JK-0739KL,RES SMD 39K OHM 5% 1W 2512,CAD METADATA ONLY - NOT AN ASSEMBLY BOM
U7,SN74AHCT244QDWR,"Automotive Catalog Octal Buffers/Drivers With 3-State Outputs, DW0020A, LARGE T&R",CAD METADATA ONLY - NOT AN ASSEMBLY BOM
D1,MMSZ5245CT1G,"Zener Voltage Regulator, 500 mW, 2-Pin SOD-123, Pb-Free, Tape and Reel",CAD METADATA ONLY - NOT AN ASSEMBLY BOM
R1,RT0805DRD0775RL,RES SMD 75 OHM 0.5% 1/8W 0805,CAD METADATA ONLY - NOT AN ASSEMBLY BOM
R3,RT0805DRD0775RL,RES SMD 75 OHM 0.5% 1/8W 0805,CAD METADATA ONLY - NOT AN ASSEMBLY BOM
R5,RT0805DRD0775RL,RES SMD 75 OHM 0.5% 1/8W 0805,CAD METADATA ONLY - NOT AN ASSEMBLY BOM
R7,RT0805DRD0775RL,RES SMD 75 OHM 0.5% 1/8W 0805,CAD METADATA ONLY - NOT AN ASSEMBLY BOM
R9,RT0805DRD0775RL,RES SMD 75 OHM 0.5% 1/8W 0805,CAD METADATA ONLY - NOT AN ASSEMBLY BOM
R11,RT0805DRD0775RL,RES SMD 75 OHM 0.5% 1/8W 0805,CAD METADATA ONLY - NOT AN ASSEMBLY BOM
D2,MMSZ5245CT1G,"Zener Voltage Regulator, 500 mW, 2-Pin SOD-123, Pb-Free, Tape and Reel",CAD METADATA ONLY - NOT AN ASSEMBLY BOM
D3,MMSZ5245CT1G,"Zener Voltage Regulator, 500 mW, 2-Pin SOD-123, Pb-Free, Tape and Reel",CAD METADATA ONLY - NOT AN ASSEMBLY BOM
D4,MMSZ5245CT1G,"Zener Voltage Regulator, 500 mW, 2-Pin SOD-123, Pb-Free, Tape and Reel",CAD METADATA ONLY - NOT AN ASSEMBLY BOM
D5,MMSZ5245CT1G,"Zener Voltage Regulator, 500 mW, 2-Pin SOD-123, Pb-Free, Tape and Reel",CAD METADATA ONLY - NOT AN ASSEMBLY BOM
D6,MMSZ5245CT1G,"Zener Voltage Regulator, 500 mW, 2-Pin SOD-123, Pb-Free, Tape and Reel",CAD METADATA ONLY - NOT AN ASSEMBLY BOM
J3,TMM-102-03-F-S,CONN HEADER VERT 2POS 2MM,CAD METADATA ONLY - NOT AN ASSEMBLY BOM
C1,CC0603MRX7R8BB104,CAP CER 0.1UF 25V X7R 0603,CAD METADATA ONLY - NOT AN ASSEMBLY BOM
R13,RT0603CRD0710KL,RES SMD 10K OHM 0.25% 1/10W 0603,CAD METADATA ONLY - NOT AN ASSEMBLY BOM
R14,RT0603CRD0710KL,RES SMD 10K OHM 0.25% 1/10W 0603,CAD METADATA ONLY - NOT AN ASSEMBLY BOM
R15,RT0603CRD0710KL,RES SMD 10K OHM 0.25% 1/10W 0603,CAD METADATA ONLY - NOT AN ASSEMBLY BOM
R16,RT0603CRD0710KL,RES SMD 10K OHM 0.25% 1/10W 0603,CAD METADATA ONLY - NOT AN ASSEMBLY BOM
R17,RT0603CRD0710KL,RES SMD 10K OHM 0.25% 1/10W 0603,CAD METADATA ONLY - NOT AN ASSEMBLY BOM
R18,RT0603CRD0710KL,RES SMD 10K OHM 0.25% 1/10W 0603,CAD METADATA ONLY - NOT AN ASSEMBLY BOM
R30,RT0603CRD0710KL,RES SMD 10K OHM 0.25% 1/10W 0603,CAD METADATA ONLY - NOT AN ASSEMBLY BOM
R32,RT0603CRD0710KL,RES SMD 10K OHM 0.25% 1/10W 0603,CAD METADATA ONLY - NOT AN ASSEMBLY BOM
R19,RT0603CRD0710KL,RES SMD 10K OHM 0.25% 1/10W 0603,CAD METADATA ONLY - NOT AN ASSEMBLY BOM
R20,RT0603CRD0710KL,RES SMD 10K OHM 0.25% 1/10W 0603,CAD METADATA ONLY - NOT AN ASSEMBLY BOM
R22,RT0603CRD0710KL,RES SMD 10K OHM 0.25% 1/10W 0603,CAD METADATA ONLY - NOT AN ASSEMBLY BOM
R24,RT0603CRD0710KL,RES SMD 10K OHM 0.25% 1/10W 0603,CAD METADATA ONLY - NOT AN ASSEMBLY BOM
R26,RT0603CRD0710KL,RES SMD 10K OHM 0.25% 1/10W 0603,CAD METADATA ONLY - NOT AN ASSEMBLY BOM
R28,RT0603CRD0710KL,RES SMD 10K OHM 0.25% 1/10W 0603,CAD METADATA ONLY - NOT AN ASSEMBLY BOM
TP18,5012,"Test Point, White, Through Hole, RoHS, Bulk",CAD METADATA ONLY - NOT AN ASSEMBLY BOM
TP20,5012,"Test Point, White, Through Hole, RoHS, Bulk",CAD METADATA ONLY - NOT AN ASSEMBLY BOM
TP23,5012,"Test Point, White, Through Hole, RoHS, Bulk",CAD METADATA ONLY - NOT AN ASSEMBLY BOM
TP24,5012,"Test Point, White, Through Hole, RoHS, Bulk",CAD METADATA ONLY - NOT AN ASSEMBLY BOM
TP26,5012,"Test Point, White, Through Hole, RoHS, Bulk",CAD METADATA ONLY - NOT AN ASSEMBLY BOM
TP29,5012,"Test Point, White, Through Hole, RoHS, Bulk",CAD METADATA ONLY - NOT AN ASSEMBLY BOM
TP3,5012,"Test Point, White, Through Hole, RoHS, Bulk",CAD METADATA ONLY - NOT AN ASSEMBLY BOM
TP4,5012,"Test Point, White, Through Hole, RoHS, Bulk",CAD METADATA ONLY - NOT AN ASSEMBLY BOM
TP5,5012,"Test Point, White, Through Hole, RoHS, Bulk",CAD METADATA ONLY - NOT AN ASSEMBLY BOM
TP6,5012,"Test Point, White, Through Hole, RoHS, Bulk",CAD METADATA ONLY - NOT AN ASSEMBLY BOM
TP7,5012,"Test Point, White, Through Hole, RoHS, Bulk",CAD METADATA ONLY - NOT AN ASSEMBLY BOM
TP8,5012,"Test Point, White, Through Hole, RoHS, Bulk",CAD METADATA ONLY - NOT AN ASSEMBLY BOM
TP9,5012,"Test Point, White, Through Hole, RoHS, Bulk",CAD METADATA ONLY - NOT AN ASSEMBLY BOM
TP11,5012,"Test Point, White, Through Hole, RoHS, Bulk",CAD METADATA ONLY - NOT AN ASSEMBLY BOM
TP12,5012,"Test Point, White, Through Hole, RoHS, Bulk",CAD METADATA ONLY - NOT AN ASSEMBLY BOM
TP14,5012,"Test Point, White, Through Hole, RoHS, Bulk",CAD METADATA ONLY - NOT AN ASSEMBLY BOM
TP15,5012,"Test Point, White, Through Hole, RoHS, Bulk",CAD METADATA ONLY - NOT AN ASSEMBLY BOM
TP17,5012,"Test Point, White, Through Hole, RoHS, Bulk",CAD METADATA ONLY - NOT AN ASSEMBLY BOM
TP19,5012,"Test Point, White, Through Hole, RoHS, Bulk",CAD METADATA ONLY - NOT AN ASSEMBLY BOM
TP22,5012,"Test Point, White, Through Hole, RoHS, Bulk",CAD METADATA ONLY - NOT AN ASSEMBLY BOM
TP25,5012,"Test Point, White, Through Hole, RoHS, Bulk",CAD METADATA ONLY - NOT AN ASSEMBLY BOM
TP28,5012,"Test Point, White, Through Hole, RoHS, Bulk",CAD METADATA ONLY - NOT AN ASSEMBLY BOM
TP30,5012,"Test Point, White, Through Hole, RoHS, Bulk",CAD METADATA ONLY - NOT AN ASSEMBLY BOM
TP32,5012,"Test Point, White, Through Hole, RoHS, Bulk",CAD METADATA ONLY - NOT AN ASSEMBLY BOM
TP10,5012,"Test Point, White, Through Hole, RoHS, Bulk",CAD METADATA ONLY - NOT AN ASSEMBLY BOM
TP13,5012,"Test Point, White, Through Hole, RoHS, Bulk",CAD METADATA ONLY - NOT AN ASSEMBLY BOM
TP16,5012,"Test Point, White, Through Hole, RoHS, Bulk",CAD METADATA ONLY - NOT AN ASSEMBLY BOM
TP21,5012,"Test Point, White, Through Hole, RoHS, Bulk",CAD METADATA ONLY - NOT AN ASSEMBLY BOM
TP27,5012,"Test Point, White, Through Hole, RoHS, Bulk",CAD METADATA ONLY - NOT AN ASSEMBLY BOM
TP31,5012,"Test Point, White, Through Hole, RoHS, Bulk",CAD METADATA ONLY - NOT AN ASSEMBLY BOM
R37,AC0805JR-07680RL,RES SMD 680 OHM 5% 1/8W 0805,CAD METADATA ONLY - NOT AN ASSEMBLY BOM
R38,AC0805JR-07680RL,RES SMD 680 OHM 5% 1/8W 0805,CAD METADATA ONLY - NOT AN ASSEMBLY BOM
R39,AC0805JR-07680RL,RES SMD 680 OHM 5% 1/8W 0805,CAD METADATA ONLY - NOT AN ASSEMBLY BOM
R40,AC0805JR-07680RL,RES SMD 680 OHM 5% 1/8W 0805,CAD METADATA ONLY - NOT AN ASSEMBLY BOM
R41,AC0805JR-07680RL,RES SMD 680 OHM 5% 1/8W 0805,CAD METADATA ONLY - NOT AN ASSEMBLY BOM
R42,AC0805JR-07680RL,RES SMD 680 OHM 5% 1/8W 0805,CAD METADATA ONLY - NOT AN ASSEMBLY BOM
R33,CRCW0603220KFKEA,"RES Thick Film, 220kO, 1%, 0.1W, 100ppm/°C, 0603",CAD METADATA ONLY - NOT AN ASSEMBLY BOM
R34,CRCW0603220KFKEA,"RES Thick Film, 220kO, 1%, 0.1W, 100ppm/°C, 0603",CAD METADATA ONLY - NOT AN ASSEMBLY BOM
R35,AF0805FR-07150RL,Anti-Sulfurated Chip Resistor Automotive Grade 150O 1% 0.125W ±100ppm/°C 0805,CAD METADATA ONLY - NOT AN ASSEMBLY BOM
EN1,TMM-102-03-F-S,CONN HEADER VERT 2POS 2MM,CAD METADATA ONLY - NOT AN ASSEMBLY BOM
EN2,TMM-102-03-F-S,CONN HEADER VERT 2POS 2MM,CAD METADATA ONLY - NOT AN ASSEMBLY BOM
EN3,TMM-102-03-F-S,CONN HEADER VERT 2POS 2MM,CAD METADATA ONLY - NOT AN ASSEMBLY BOM
EN4,TMM-102-03-F-S,CONN HEADER VERT 2POS 2MM,CAD METADATA ONLY - NOT AN ASSEMBLY BOM
EN5,TMM-102-03-F-S,CONN HEADER VERT 2POS 2MM,CAD METADATA ONLY - NOT AN ASSEMBLY BOM
EN6,TMM-102-03-F-S,CONN HEADER VERT 2POS 2MM,CAD METADATA ONLY - NOT AN ASSEMBLY BOM
DS6,LTST-C170KGKT,"Ultra Bright AlInGaP Chip LED, 75 mW, -55 to 85 degC, 2-Pin SMD (0805), RoHS, Tape and Reel",CAD METADATA ONLY - NOT AN ASSEMBLY BOM
DS4,LTST-C170KGKT,"Ultra Bright AlInGaP Chip LED, 75 mW, -55 to 85 degC, 2-Pin SMD (0805), RoHS, Tape and Reel",CAD METADATA ONLY - NOT AN ASSEMBLY BOM
DS9,LTST-C170KGKT,"Ultra Bright AlInGaP Chip LED, 75 mW, -55 to 85 degC, 2-Pin SMD (0805), RoHS, Tape and Reel",CAD METADATA ONLY - NOT AN ASSEMBLY BOM
DS8,LTST-C170KGKT,"Ultra Bright AlInGaP Chip LED, 75 mW, -55 to 85 degC, 2-Pin SMD (0805), RoHS, Tape and Reel",CAD METADATA ONLY - NOT AN ASSEMBLY BOM
DS7,LTST-C170KGKT,"Ultra Bright AlInGaP Chip LED, 75 mW, -55 to 85 degC, 2-Pin SMD (0805), RoHS, Tape and Reel",CAD METADATA ONLY - NOT AN ASSEMBLY BOM
DS5,LTST-C170KGKT,"Ultra Bright AlInGaP Chip LED, 75 mW, -55 to 85 degC, 2-Pin SMD (0805), RoHS, Tape and Reel",CAD METADATA ONLY - NOT AN ASSEMBLY BOM
DS3,LTST-C170KGKT,"Ultra Bright AlInGaP Chip LED, 75 mW, -55 to 85 degC, 2-Pin SMD (0805), RoHS, Tape and Reel",CAD METADATA ONLY - NOT AN ASSEMBLY BOM
DS2,LTST-C170KGKT,"Ultra Bright AlInGaP Chip LED, 75 mW, -55 to 85 degC, 2-Pin SMD (0805), RoHS, Tape and Reel",CAD METADATA ONLY - NOT AN ASSEMBLY BOM
DS1,LTST-C170KGKT,"Ultra Bright AlInGaP Chip LED, 75 mW, -55 to 85 degC, 2-Pin SMD (0805), RoHS, Tape and Reel",CAD METADATA ONLY - NOT AN ASSEMBLY BOM
