Designator,Footprint,X,Y,Rotation
PCB-only,fiducial,1289.8112mil,3955.6272mil, 1.80000000000000E+0002
PCB-only,fiducial,1295mil,3125mil, 1.80000000000000E+0002
PCB-only,fiducial,6709.8112mil,3115.6272mil, 1.80000000000000E+0002
J11,PinHeader_1x02_P2.54mm_Vertical,3698mil,3629mil, 2.70000000000000E+0002
J12,PinHeader_1x02_P2.54mm_Vertical,4603mil,3629mil, 2.70000000000000E+0002
EN2,PinHeader_1x02_P2.54mm_Vertical,2548mil,2650mil, 2.70000000000000E+0002
J2,PinHeader_1x02_P2.54mm_Vertical,2115mil,1860mil, 9.00000000000000E+0001
J3,PinHeader_1x02_P2.54mm_Vertical,3505mil,2279mil, 1.80000000000000E+0002
J9,PinHeader_1x02_P2.54mm_Vertical,2792mil,3629mil, 2.70000000000000E+0002
J13,PinHeader_1x02_P2.54mm_Vertical,5509mil,3629mil, 2.70000000000000E+0002
EN1,PinHeader_1x02_P2.54mm_Vertical,1642mil,2650mil, 2.70000000000000E+0002
J8,PinHeader_1x02_P2.54mm_Vertical,1887mil,3629mil, 2.70000000000000E+0002
EN6,PinHeader_1x02_P2.54mm_Vertical,6170mil,2650mil, 2.70000000000000E+0002
EN4,PinHeader_1x02_P2.54mm_Vertical,4359mil,2650mil, 2.70000000000000E+0002
J14,PinHeader_1x02_P2.54mm_Vertical,6414mil,3629mil, 2.70000000000000E+0002
EN5,PinHeader_1x02_P2.54mm_Vertical,5265mil,2650mil, 2.70000000000000E+0002
J10,PinHeader_1x06_P2.54mm_Vertical,3713mil,2328mil, 0.00000000000000E+0000
EN3,PinHeader_1x02_P2.54mm_Vertical,3453mil,2650mil, 2.70000000000000E+0002
J1,PinHeader_1x02_P2.54mm_Vertical,2114mil,2035mil, 9.00000000000000E+0001
DS9,LTST-LTST-C170KGKT-2_V,6073mil,3651mil, 0.00000000000000E+0000
DS8,LTST-LTST-C170KGKT-2_V,5167mil,3651mil, 0.00000000000000E+0000
DS7,LTST-LTST-C170KGKT-2_V,4262mil,3651mil, 0.00000000000000E+0000
DS6,LTST-LTST-C170KGKT-2_V,2655mil,2310mil, 0.00000000000000E+0000
DS5,LTST-LTST-C170KGKT-2_V,3356mil,3651mil, 0.00000000000000E+0000
DS4,LTST-LTST-C170KGKT-2_V,2789mil,2405mil, 0.00000000000000E+0000
DS3,LTST-LTST-C170KGKT-2_V,2451mil,3651mil, 0.00000000000000E+0000
DS2,LTST-LTST-C170KGKT-2_V,1545mil,3651mil, 0.00000000000000E+0000
DS1,LTST-LTST-C170KGKT-2_V,2205mil,2206mil, 9.00000000000000E+0001
R35,FP-AF0805-MFG,2095mil,2220mil, 9.00000000000000E+0001
TP32,KSTN-5012_V,6228mil,3794mil, 0.00000000000000E+0000
TP31,KSTN-5012_V,6395mil,3794mil, 0.00000000000000E+0000
TP30,KSTN-5012_V,6562mil,3784mil, 0.00000000000000E+0000
TP29,KSTN-5012_V,2865mil,1850mil, 1.80000000000000E+0002
TP28,KSTN-5012_V,5322mil,3794mil, 0.00000000000000E+0000
TP27,KSTN-5012_V,5490mil,3794mil, 0.00000000000000E+0000
TP26,KSTN-5012_V,3030mil,1920mil, 0.00000000000000E+0000
TP25,KSTN-5012_V,5657mil,3784mil, 0.00000000000000E+0000
TP24,KSTN-5012_V,2865mil,2010mil, 0.00000000000000E+0000
TP23,KSTN-5012_V,3015mil,2075mil, 0.00000000000000E+0000
TP22,KSTN-5012_V,4417mil,3794mil, 0.00000000000000E+0000
TP21,KSTN-5012_V,4584mil,3794mil, 0.00000000000000E+0000
TP20,KSTN-5012_V,2870mil,2160mil, 0.00000000000000E+0000
TP19,KSTN-5012_V,4751mil,3784mil, 0.00000000000000E+0000
TP18,KSTN-5012_V,3010mil,2225mil, 0.00000000000000E+0000
TP17,KSTN-5012_V,3511mil,3794mil, 0.00000000000000E+0000
TP16,KSTN-5012_V,3678mil,3794mil, 0.00000000000000E+0000
TP15,KSTN-5012_V,3846mil,3784mil, 0.00000000000000E+0000
TP14,KSTN-5012_V,2606mil,3794mil, 0.00000000000000E+0000
TP13,KSTN-5012_V,2773mil,3794mil, 0.00000000000000E+0000
TP12,KSTN-5012_V,2940mil,3784mil, 0.00000000000000E+0000
TP11,KSTN-5012_V,1720mil,3794mil, 0.00000000000000E+0000
TP10,KSTN-5012_V,1887mil,3794mil, 0.00000000000000E+0000
TP9,KSTN-5012_V,1553mil,3794mil, 0.00000000000000E+0000
TP8,KSTN-5012_V,6466mil,2707mil, 0.00000000000000E+0000
TP7,KSTN-5012_V,5560mil,2707mil, 0.00000000000000E+0000
TP6,KSTN-5012_V,4655mil,2707mil, 0.00000000000000E+0000
TP5,KSTN-5012_V,3749mil,2707mil, 0.00000000000000E+0000
TP4,KSTN-5012_V,2844mil,2707mil, 0.00000000000000E+0000
TP3,KSTN-5012_V,1938mil,2707mil, 0.00000000000000E+0000
R42,FP-AC0805-MFG,6196mil,3606mil, 9.00000000000000E+0001
R41,FP-AC0805-MFG,5290mil,3606mil, 9.00000000000000E+0001
R40,FP-AC0805-MFG,4385mil,3606mil, 9.00000000000000E+0001
R39,FP-AC0805-MFG,3479mil,3606mil, 9.00000000000000E+0001
R38,FP-AC0805-MFG,2574mil,3606mil, 9.00000000000000E+0001
R37,FP-AC0805-MFG,1668mil,3606mil, 9.00000000000000E+0001
R34,FP-CRCW0603-e3-IPC_B,2992mil,2400mil, 1.80000000000000E+0002
R33,FP-CRCW0603-e3-IPC_B,2872mil,2315mil, 1.80000000000000E+0002
R32,FP-RT0603-MFG,4515mil,2340mil, 9.00000000000000E+0001
R30,FP-RT0603-MFG,3930mil,2392mil, 9.00000000000000E+0001
R28,FP-RT0603-MFG,3860mil,2000mil, 1.80000000000000E+0002
R26,FP-RT0603-MFG,3862mil,1825mil, 1.80000000000000E+0002
R24,FP-RT0603-MFG,4600mil,1890mil, 0.00000000000000E+0000
R22,FP-RT0603-MFG,4600mil,2055mil, 0.00000000000000E+0000
R20,FP-RT0603-MFG,4600mil,2145mil, 0.00000000000000E+0000
R19,FP-RT0603-MFG,4600mil,2220mil, 0.00000000000000E+0000
R18,FP-RT0603-MFG,4600mil,1970mil, 0.00000000000000E+0000
R17,FP-RT0603-MFG,4595mil,1810mil, 0.00000000000000E+0000
R16,FP-RT0603-MFG,3860mil,1910mil, 1.80000000000000E+0002
R15,FP-RT0603-MFG,3860mil,2095mil, 1.80000000000000E+0002
R14,FP-RT0603-MFG,3855mil,2200mil, 1.80000000000000E+0002
R13,FP-RT0603-MFG,3855mil,2300mil, 1.80000000000000E+0002
C1,FP-CC0603-DA-MFG,4635mil,2310mil, 2.70000000000000E+0002
R11,FP-RT0805-MFG,6081mil,3570mil, 0.00000000000000E+0000
R9,FP-RT0805-MFG,5175mil,3570mil, 0.00000000000000E+0000
R7,FP-RT0805-MFG,4270mil,3570mil, 0.00000000000000E+0000
R5,FP-RT0805-MFG,3364mil,3570mil, 0.00000000000000E+0000
R3,FP-RT0805-MFG,2459mil,3570mil, 0.00000000000000E+0000
R1,FP-RT0805-MFG,1553mil,3570mil, 0.00000000000000E+0000
D6,ONSC-SOD-123-2-425-04_V,5960mil,3508mil, 9.00000000000000E+0001
D5,ONSC-SOD-123-2-425-04_V,5054mil,3508mil, 9.00000000000000E+0001
D4,ONSC-SOD-123-2-425-04_V,4149mil,3508mil, 9.00000000000000E+0001
D3,ONSC-SOD-123-2-425-04_V,3243mil,3508mil, 9.00000000000000E+0001
D2,ONSC-SOD-123-2-425-04_V,2338mil,3508mil, 9.00000000000000E+0001
D1,ONSC-SOD-123-2-425-04_V,1432mil,3508mil, 9.00000000000000E+0001
U7,DW0020A_M,4215mil,2120mil, 0.00000000000000E+0000
R10,FP-AC2512-MFG,5500mil,3380mil, 9.00000000000000E+0001
R8,FP-AC2512-MFG,4594mil,3380mil, 9.00000000000000E+0001
R12,FP-AC2512-MFG,6405mil,3380mil, 9.00000000000000E+0001
R2,FP-AC2512-MFG,1878mil,3380mil, 9.00000000000000E+0001
R6,FP-AC2512-MFG,3689mil,3380mil, 9.00000000000000E+0001
R4,FP-AC2512-MFG,2783mil,3380mil, 9.00000000000000E+0001
U3,FP-D0008B-MFG,3728mil,3017mil, 9.00000000000000E+0001
U1,FP-D0008B-MFG,1917mil,3017mil, 9.00000000000000E+0001
U5,FP-D0008B-MFG,5539mil,3017mil, 9.00000000000000E+0001
U4,FP-D0008B-MFG,4634mil,3017mil, 9.00000000000000E+0001
U2,FP-D0008B-MFG,2823mil,3017mil, 9.00000000000000E+0001
U6,FP-D0008B-MFG,6445mil,3017mil, 9.00000000000000E+0001
R21,FP-RT0603-MFG,1829mil,2802mil, 9.00000000000000E+0001
R29,FP-RT0603-MFG,5451mil,2802mil, 9.00000000000000E+0001
R23,FP-RT0603-MFG,2734mil,2802mil, 9.00000000000000E+0001
R31,FP-RT0603-MFG,6356mil,2802mil, 9.00000000000000E+0001
R25,FP-RT0603-MFG,3640mil,2802mil, 9.00000000000000E+0001
R27,FP-RT0603-MFG,4545mil,2802mil, 9.00000000000000E+0001
PS6,MER1S0515SC_MFG,6141mil,3130mil, 9.00000000000000E+0001
PS4,MER1S0515SC_MFG,4330mil,3130mil, 9.00000000000000E+0001
PS5,MER1S0515SC_MFG,5235mil,3130mil, 9.00000000000000E+0001
PS2,MER1S0515SC_MFG,2519mil,3130mil, 9.00000000000000E+0001
PS1,MER1S0515SC_MFG,1613mil,3130mil, 9.00000000000000E+0001
PS3,MER1S0515SC_MFG,3424mil,3130mil, 9.00000000000000E+0001
C42,FP-CC0603-DA-MFG,5634mil,3232mil, 9.00000000000000E+0001
C18,FP-CC0603-DA-MFG,2012mil,3232mil, 9.00000000000000E+0001
C48,FP-CC0603-DA-MFG,6539mil,3232mil, 9.00000000000000E+0001
C45,FP-CC0603-DA-MFG,5968mil,3212mil, 2.70000000000000E+0002
C33,FP-CC0603-DA-MFG,4157mil,3212mil, 2.70000000000000E+0002
C39,FP-CC0603-DA-MFG,5063mil,3212mil, 2.70000000000000E+0002
C36,FP-CC0603-DA-MFG,4728mil,3232mil, 9.00000000000000E+0001
C40,FP-CC0603-DA-MFG,5541mil,2828mil, 0.00000000000000E+0000
C43,FP-C0805C475K3RACAUTO-MFG,5963mil,3338mil, 2.70000000000000E+0002
C46,FP-CC0603-DA-MFG,6447mil,2828mil, 0.00000000000000E+0000
C34,FP-CC0603-DA-MFG,4636mil,2828mil, 0.00000000000000E+0000
C25,FP-C0805C475K3RACAUTO-MFG,3246mil,3338mil, 2.70000000000000E+0002
C31,FP-C0805C475K3RACAUTO-MFG,4152mil,3338mil, 2.70000000000000E+0002
C19,FP-C0805C475K3RACAUTO-MFG,2341mil,3338mil, 2.70000000000000E+0002
C37,FP-C0805C475K3RACAUTO-MFG,5057mil,3338mil, 2.70000000000000E+0002
C27,FP-CC0603-DA-MFG,3252mil,3212mil, 2.70000000000000E+0002
C13,FP-C0805C475K3RACAUTO-MFG,1435mil,3338mil, 2.70000000000000E+0002
C24,FP-CC0603-DA-MFG,2346mil,3212mil, 2.70000000000000E+0002
C16,FP-CC0603-DA-MFG,1919mil,2828mil, 0.00000000000000E+0000
C15,FP-CC0603-DA-MFG,1441mil,3212mil, 2.70000000000000E+0002
C38,FP-CC0805-0_85-MFG,5047mil,2863mil, 9.00000000000000E+0001
C26,FP-CC0805-0_85-MFG,3236mil,2863mil, 9.00000000000000E+0001
C23,FP-CC0805-0_85-MFG,2929mil,3370mil, 9.00000000000000E+0001
C30,FP-CC0603-DA-MFG,3823mil,3232mil, 9.00000000000000E+0001
C17,FP-CC0805-0_85-MFG,2024mil,3370mil, 9.00000000000000E+0001
C32,FP-CC0805-0_85-MFG,4142mil,2863mil, 9.00000000000000E+0001
C47,FP-CC0805-0_85-MFG,6551mil,3370mil, 9.00000000000000E+0001
C35,FP-CC0805-0_85-MFG,4740mil,3370mil, 9.00000000000000E+0001
C14,FP-CC0805-0_85-MFG,1425mil,2863mil, 9.00000000000000E+0001
C41,FP-CC0805-0_85-MFG,5646mil,3370mil, 9.00000000000000E+0001
C44,FP-CC0805-0_85-MFG,5953mil,2863mil, 9.00000000000000E+0001
C29,FP-CC0805-0_85-MFG,3835mil,3370mil, 9.00000000000000E+0001
C20,FP-CC0805-0_85-MFG,2331mil,2863mil, 9.00000000000000E+0001
C28,FP-CC0603-DA-MFG,3730mil,2828mil, 0.00000000000000E+0000
C22,FP-CC0603-DA-MFG,2825mil,2828mil, 0.00000000000000E+0000
C21,FP-CC0603-DA-MFG,2917mil,3232mil, 9.00000000000000E+0001
